_id,startDate,endDate,price,status,property
0,2018-07-01,2018-07-05,255,close,0
1,2018-07-01,2018-07-05,386,close,94
2,2018-07-01,2018-07-06,271,close,258
3,2018-07-02,2018-07-04,358,close,121
4,2018-07-02,2018-07-06,353,close,215
5,2018-07-02,2018-07-07,287,close,173
6,2018-07-03,2018-07-06,299,close,47
7,2018-07-03,2018-07-08,265,close,136
8,2018-07-03,2018-07-08,293,close,63
9,2018-07-03,2018-07-08,398,close,247
10,2018-07-03,2018-07-09,361,close,38
11,2018-07-03,2018-07-09,352,close,6
12,2018-07-04,2018-07-06,278,close,21
13,2018-07-04,2018-07-07,283,close,90
14,2018-07-04,2018-07-08,326,close,194
15,2018-07-04,2018-07-10,330,close,189
16,2018-07-05,2018-07-08,308,close,271
17,2018-07-05,2018-07-11,396,close,200
18,2018-07-06,2018-07-10,287,close,267
19,2018-07-06,2018-07-12,351,close,264
20,2018-07-07,2018-07-10,330,close,222
21,2018-07-07,2018-07-11,289,close,117
22,2018-07-07,2018-07-11,303,close,256
23,2018-07-07,2018-07-13,300,close,76
24,2018-07-08,2018-07-11,337,close,79
25,2018-07-08,2018-07-12,276,close,97
26,2018-07-08,2018-07-13,345,close,250
27,2018-07-08,2018-07-14,290,close,233
28,2018-07-08,2018-07-15,382,close,152
29,2018-07-09,2018-07-13,358,close,157
30,2018-07-09,2018-07-15,379,close,183
31,2018-07-09,2018-07-16,307,close,257
32,2018-07-10,2018-07-12,307,close,45
33,2018-07-10,2018-07-12,312,close,221
34,2018-07-10,2018-07-14,359,close,279
35,2018-07-10,2018-07-14,300,close,69
36,2018-07-10,2018-07-15,379,close,15
37,2018-07-10,2018-07-17,334,close,194
38,2018-07-11,2018-07-13,391,close,217
39,2018-07-11,2018-07-14,262,close,17
40,2018-07-11,2018-07-15,324,close,199
41,2018-07-11,2018-07-16,334,close,185
42,2018-07-12,2018-07-17,258,close,226
43,2018-07-12,2018-07-18,360,close,146
44,2018-07-12,2018-07-18,323,close,126
45,2018-07-12,2018-07-18,267,close,228
46,2018-07-13,2018-07-17,295,close,38
47,2018-07-14,2018-07-17,372,close,39
48,2018-07-14,2018-07-19,376,close,3
49,2018-07-14,2018-07-19,251,close,81
50,2018-07-14,2018-07-20,324,close,33
51,2018-07-15,2018-07-17,386,close,205
52,2018-07-15,2018-07-18,344,close,152
53,2018-07-15,2018-07-19,354,close,23
54,2018-07-15,2018-07-19,374,close,154
55,2018-07-16,2018-07-19,386,close,270
56,2018-07-16,2018-07-19,380,close,252
57,2018-07-16,2018-07-21,311,close,237
58,2018-07-16,2018-07-23,304,close,207
59,2018-07-17,2018-07-20,264,close,55
60,2018-07-17,2018-07-22,325,close,216
61,2018-07-17,2018-07-23,363,close,138
62,2018-07-18,2018-07-20,311,close,156
63,2018-07-18,2018-07-20,368,close,277
64,2018-07-18,2018-07-21,386,close,151
65,2018-07-18,2018-07-21,328,close,38
66,2018-07-18,2018-07-21,348,close,48
67,2018-07-18,2018-07-23,252,close,249
68,2018-07-18,2018-07-23,320,close,163
69,2018-07-18,2018-07-24,384,close,74
70,2018-07-19,2018-07-22,360,close,95
71,2018-07-19,2018-07-22,307,close,49
72,2018-07-19,2018-07-23,363,close,32
73,2018-07-19,2018-07-23,343,close,137
74,2018-07-20,2018-07-23,279,close,68
75,2018-07-20,2018-07-24,306,close,139
76,2018-07-20,2018-07-25,400,close,42
77,2018-07-20,2018-07-26,261,close,99
78,2018-07-20,2018-07-26,398,close,233
79,2018-07-21,2018-07-24,386,close,45
80,2018-07-21,2018-07-28,348,close,106
81,2018-07-22,2018-07-27,303,close,101
82,2018-07-22,2018-07-27,265,close,166
83,2018-07-23,2018-07-27,396,close,202
84,2018-07-23,2018-07-29,277,close,168
85,2018-07-23,2018-07-29,395,close,228
86,2018-07-24,2018-07-27,329,close,203
87,2018-07-24,2018-07-27,336,close,257
88,2018-07-24,2018-07-27,315,close,159
89,2018-07-24,2018-07-28,330,close,182
90,2018-07-24,2018-07-29,286,close,7
91,2018-07-24,2018-07-30,291,close,268
92,2018-07-24,2018-07-30,271,close,130
93,2018-07-24,2018-07-30,350,close,175
94,2018-07-24,2018-07-30,330,close,274
95,2018-07-24,2018-07-30,262,close,215
96,2018-07-24,2018-07-31,372,close,279
97,2018-07-25,2018-08-01,385,close,33
98,2018-07-26,2018-07-29,333,close,96
99,2018-07-26,2018-07-29,394,close,239
100,2018-07-26,2018-07-30,363,close,41
101,2018-07-26,2018-07-31,257,close,44
102,2018-07-26,2018-08-01,382,close,63
103,2018-07-27,2018-07-29,302,close,247
104,2018-07-27,2018-07-30,377,close,252
105,2018-07-27,2018-07-30,255,close,65
106,2018-07-27,2018-08-02,392,close,179
107,2018-07-27,2018-08-02,330,close,123
108,2018-07-28,2018-08-01,346,close,51
109,2018-07-28,2018-08-03,308,close,108
110,2018-07-28,2018-08-04,279,close,27
111,2018-07-29,2018-08-01,348,close,37
112,2018-07-29,2018-08-02,362,close,201
113,2018-07-29,2018-08-02,314,close,273
114,2018-07-29,2018-08-03,344,close,202
115,2018-07-29,2018-08-03,329,close,225
116,2018-07-29,2018-08-04,351,close,169
117,2018-07-29,2018-08-04,331,close,250
118,2018-07-29,2018-08-05,334,close,183
119,2018-07-31,2018-08-02,274,close,66
120,2018-07-31,2018-08-03,388,close,198
121,2018-07-31,2018-08-03,326,close,125
122,2018-07-31,2018-08-05,305,close,126
123,2018-07-31,2018-08-07,297,close,174
124,2018-08-02,2018-08-06,294,close,207
125,2018-08-02,2018-08-07,398,close,7
126,2018-08-02,2018-08-07,344,close,245
127,2018-08-02,2018-08-07,252,close,238
128,2018-08-03,2018-08-07,303,close,257
129,2018-08-03,2018-08-07,331,close,143
130,2018-08-03,2018-08-07,384,close,2
131,2018-08-03,2018-08-08,346,close,108
132,2018-08-03,2018-08-09,280,close,70
133,2018-08-03,2018-08-09,347,close,99
134,2018-08-04,2018-08-06,302,close,213
135,2018-08-04,2018-08-08,304,close,119
136,2018-08-04,2018-08-09,332,close,121
137,2018-08-04,2018-08-10,295,close,206
138,2018-08-05,2018-08-08,307,close,237
139,2018-08-05,2018-08-08,338,close,186
140,2018-08-05,2018-08-12,267,close,82
141,2018-08-06,2018-08-08,305,close,137
142,2018-08-06,2018-08-09,286,close,156
143,2018-08-06,2018-08-10,392,close,218
144,2018-08-06,2018-08-11,258,close,181
145,2018-08-06,2018-08-11,312,close,273
146,2018-08-07,2018-08-09,337,close,231
147,2018-08-07,2018-08-12,301,close,174
148,2018-08-08,2018-08-11,340,close,113
149,2018-08-08,2018-08-11,297,close,239
150,2018-08-08,2018-08-13,364,close,202
151,2018-08-09,2018-08-11,379,close,29
152,2018-08-09,2018-08-11,353,close,230
153,2018-08-09,2018-08-15,253,close,42
154,2018-08-11,2018-08-14,270,close,178
155,2018-08-11,2018-08-14,388,close,145
156,2018-08-11,2018-08-14,301,close,187
157,2018-08-11,2018-08-15,378,close,177
158,2018-08-11,2018-08-15,262,close,240
159,2018-08-11,2018-08-16,254,close,196
160,2018-08-11,2018-08-16,255,close,167
161,2018-08-11,2018-08-16,312,close,206
162,2018-08-11,2018-08-16,268,close,134
163,2018-08-12,2018-08-14,250,close,101
164,2018-08-12,2018-08-16,267,close,160
165,2018-08-12,2018-08-16,304,close,228
166,2018-08-12,2018-08-17,350,close,218
167,2018-08-13,2018-08-15,381,close,139
168,2018-08-13,2018-08-16,292,close,155
169,2018-08-13,2018-08-17,316,close,71
170,2018-08-13,2018-08-18,306,close,18
171,2018-08-13,2018-08-18,290,close,213
172,2018-08-13,2018-08-19,322,close,173
173,2018-08-13,2018-08-20,371,close,102
174,2018-08-14,2018-08-17,331,close,253
175,2018-08-14,2018-08-18,275,close,135
176,2018-08-14,2018-08-19,314,close,64
177,2018-08-14,2018-08-19,294,close,163
178,2018-08-14,2018-08-21,295,close,256
179,2018-08-16,2018-08-18,376,close,60
180,2018-08-16,2018-08-20,361,close,4
181,2018-08-16,2018-08-21,320,close,34
182,2018-08-16,2018-08-21,340,close,231
183,2018-08-17,2018-08-19,390,close,252
184,2018-08-17,2018-08-21,287,close,15
185,2018-08-17,2018-08-21,378,close,161
186,2018-08-17,2018-08-22,352,close,78
187,2018-08-17,2018-08-22,297,close,193
188,2018-08-17,2018-08-22,385,close,131
189,2018-08-17,2018-08-22,365,close,49
190,2018-08-17,2018-08-23,336,close,232
191,2018-08-17,2018-08-23,342,close,58
192,2018-08-17,2018-08-24,329,close,105
193,2018-08-17,2018-08-24,345,close,94
194,2018-08-18,2018-08-20,309,close,1
195,2018-08-18,2018-08-20,306,close,152
196,2018-08-18,2018-08-22,366,close,257
197,2018-08-18,2018-08-22,354,close,119
198,2018-08-18,2018-08-23,373,close,127
199,2018-08-18,2018-08-23,316,close,52
200,2018-08-18,2018-08-25,326,close,88
201,2018-08-19,2018-08-25,355,close,141
202,2018-08-19,2018-08-25,342,close,43
203,2018-08-19,2018-08-26,295,close,276
204,2018-08-20,2018-08-23,344,close,273
205,2018-08-20,2018-08-23,277,close,9
206,2018-08-20,2018-08-25,356,close,229
207,2018-08-21,2018-08-24,305,close,70
208,2018-08-21,2018-08-25,354,close,161
209,2018-08-21,2018-08-25,396,close,201
210,2018-08-21,2018-08-26,282,close,79
211,2018-08-22,2018-08-25,289,close,245
212,2018-08-23,2018-08-25,254,close,260
213,2018-08-23,2018-08-26,364,close,150
214,2018-08-23,2018-08-26,353,close,135
215,2018-08-23,2018-08-26,301,close,169
216,2018-08-23,2018-08-27,355,close,106
217,2018-08-24,2018-08-27,331,close,203
218,2018-08-24,2018-08-28,271,close,1
219,2018-08-24,2018-08-28,364,close,3
220,2018-08-24,2018-08-28,334,close,183
221,2018-08-25,2018-08-28,355,close,134
222,2018-08-25,2018-08-30,259,close,176
223,2018-08-26,2018-08-31,341,close,26
224,2018-08-26,2018-08-31,315,close,146
225,2018-08-26,2018-09-01,290,close,68
226,2018-08-26,2018-09-02,272,close,225
227,2018-08-27,2018-08-31,374,close,193
228,2018-08-27,2018-09-01,380,close,113
229,2018-08-27,2018-09-02,290,close,45
230,2018-08-27,2018-09-02,268,close,263
231,2018-08-27,2018-09-02,338,close,41
232,2018-08-27,2018-09-03,360,close,164
233,2018-08-28,2018-08-31,303,close,63
234,2018-08-28,2018-08-31,272,close,247
235,2018-08-28,2018-08-31,262,close,107
236,2018-08-29,2018-08-31,268,close,196
237,2018-08-29,2018-09-01,324,close,148
238,2018-08-29,2018-09-02,357,close,83
239,2018-08-29,2018-09-03,254,close,166
240,2018-08-29,2018-09-04,296,close,115
241,2018-08-29,2018-09-05,325,close,29
242,2018-08-30,2018-09-04,284,close,69
243,2018-08-31,2018-09-05,314,close,257
244,2018-08-31,2018-09-05,281,close,228
245,2018-08-31,2018-09-05,312,close,54
246,2018-08-31,2018-09-06,256,close,245
247,2018-09-01,2018-09-04,359,close,243
248,2018-09-01,2018-09-05,394,close,229
249,2018-09-01,2018-09-05,374,close,193
250,2018-09-01,2018-09-06,275,close,203
251,2018-09-01,2018-09-07,321,close,248
252,2018-09-01,2018-09-07,331,close,58
253,2018-09-01,2018-09-08,320,close,123
254,2018-09-01,2018-09-08,368,close,239
255,2018-09-02,2018-09-05,318,close,111
256,2018-09-02,2018-09-05,375,close,256
257,2018-09-02,2018-09-07,381,close,222
258,2018-09-02,2018-09-08,354,close,102
259,2018-09-03,2018-09-06,396,close,75
260,2018-09-03,2018-09-08,266,close,89
261,2018-09-03,2018-09-09,250,close,170
262,2018-09-04,2018-09-07,365,close,162
263,2018-09-04,2018-09-07,307,close,109
264,2018-09-04,2018-09-09,381,close,33
265,2018-09-05,2018-09-07,277,close,15
266,2018-09-05,2018-09-08,361,close,221
267,2018-09-05,2018-09-09,363,close,31
268,2018-09-05,2018-09-09,291,close,154
269,2018-09-06,2018-09-11,371,close,193
270,2018-09-07,2018-09-12,334,close,130
271,2018-09-07,2018-09-13,259,close,277
272,2018-09-07,2018-09-14,278,close,224
273,2018-09-08,2018-09-10,339,close,157
274,2018-09-08,2018-09-11,393,close,13
275,2018-09-08,2018-09-11,367,close,74
276,2018-09-08,2018-09-11,307,close,194
277,2018-09-08,2018-09-12,318,close,131
278,2018-09-08,2018-09-14,368,close,233
279,2018-09-09,2018-09-14,283,close,205
280,2018-09-09,2018-09-15,343,close,37
281,2018-09-10,2018-09-12,332,close,15
282,2018-09-10,2018-09-14,283,close,254
283,2018-09-10,2018-09-14,369,close,127
284,2018-09-10,2018-09-15,332,close,278
285,2018-09-10,2018-09-17,285,close,61
286,2018-09-11,2018-09-15,317,close,42
287,2018-09-11,2018-09-16,292,close,22
288,2018-09-12,2018-09-14,299,close,104
289,2018-09-12,2018-09-15,331,close,187
290,2018-09-12,2018-09-16,356,close,171
291,2018-09-12,2018-09-17,279,close,138
292,2018-09-12,2018-09-17,311,close,97
293,2018-09-12,2018-09-19,381,close,231
294,2018-09-12,2018-09-19,258,close,180
295,2018-09-13,2018-09-20,291,close,105
296,2018-09-14,2018-09-19,261,close,243
297,2018-09-15,2018-09-19,298,close,71
298,2018-09-15,2018-09-20,380,close,114
299,2018-09-15,2018-09-20,327,close,267
300,2018-09-15,2018-09-22,264,close,83
301,2018-09-16,2018-09-18,253,close,224
302,2018-09-16,2018-09-20,284,close,50
303,2018-09-16,2018-09-20,371,close,233
304,2018-09-16,2018-09-21,396,close,218
305,2018-09-17,2018-09-19,317,close,171
306,2018-09-17,2018-09-19,329,close,194
307,2018-09-17,2018-09-20,342,close,193
308,2018-09-17,2018-09-22,326,close,238
309,2018-09-17,2018-09-23,326,close,215
310,2018-09-17,2018-09-23,274,close,49
311,2018-09-17,2018-09-23,364,close,1
312,2018-09-17,2018-09-23,330,close,81
313,2018-09-17,2018-09-24,251,close,270
314,2018-09-18,2018-09-20,397,close,104
315,2018-09-18,2018-09-22,305,close,276
316,2018-09-18,2018-09-22,355,close,153
317,2018-09-18,2018-09-22,399,close,67
318,2018-09-18,2018-09-25,366,close,262
319,2018-09-19,2018-09-21,332,close,88
320,2018-09-19,2018-09-23,377,close,163
321,2018-09-19,2018-09-24,329,close,219
322,2018-09-20,2018-09-24,265,close,172
323,2018-09-20,2018-09-24,314,close,271
324,2018-09-20,2018-09-26,259,close,229
325,2018-09-21,2018-09-24,313,close,133
326,2018-09-21,2018-09-25,396,close,75
327,2018-09-21,2018-09-26,334,close,45
328,2018-09-21,2018-09-27,366,close,252
329,2018-09-22,2018-09-26,277,close,21
330,2018-09-23,2018-09-26,274,close,275
331,2018-09-23,2018-09-26,297,close,173
332,2018-09-23,2018-09-27,286,close,150
333,2018-09-23,2018-09-28,333,close,28
334,2018-09-23,2018-09-29,322,close,274
335,2018-09-23,2018-09-29,268,close,58
336,2018-09-24,2018-09-27,379,close,87
337,2018-09-24,2018-09-27,294,close,196
338,2018-09-24,2018-09-28,327,close,190
339,2018-09-24,2018-09-28,274,close,92
340,2018-09-24,2018-09-30,309,close,13
341,2018-09-25,2018-09-27,343,close,123
342,2018-09-25,2018-09-27,281,close,185
343,2018-09-25,2018-09-29,341,close,235
344,2018-09-25,2018-10-01,394,close,7
345,2018-09-26,2018-09-29,261,close,143
346,2018-09-26,2018-09-30,252,close,79
347,2018-09-26,2018-10-01,374,close,268
348,2018-09-26,2018-10-01,327,close,272
349,2018-09-26,2018-10-03,290,close,45
350,2018-09-27,2018-09-29,355,close,14
351,2018-09-27,2018-10-01,319,close,99
352,2018-09-27,2018-10-01,289,close,121
353,2018-09-27,2018-10-02,320,close,55
354,2018-09-27,2018-10-02,374,close,233
355,2018-09-29,2018-10-01,263,close,113
356,2018-09-29,2018-10-02,380,close,147
357,2018-09-29,2018-10-04,292,close,220
358,2018-09-30,2018-10-04,300,close,211
359,2018-09-30,2018-10-04,337,close,3
360,2018-09-30,2018-10-05,284,close,32
361,2018-09-30,2018-10-06,369,close,21
362,2018-09-30,2018-10-06,326,close,101
363,2018-09-30,2018-10-06,254,close,168
364,2018-10-01,2018-10-05,291,close,264
365,2018-10-01,2018-10-07,331,close,14
366,2018-10-02,2018-10-04,280,close,255
367,2018-10-02,2018-10-07,312,close,144
368,2018-10-03,2018-10-07,308,close,173
369,2018-10-03,2018-10-07,285,close,261
370,2018-10-03,2018-10-08,278,close,140
371,2018-10-03,2018-10-09,303,close,16
372,2018-10-04,2018-10-07,258,close,265
373,2018-10-04,2018-10-08,258,close,93
374,2018-10-05,2018-10-08,328,close,166
375,2018-10-05,2018-10-09,308,close,159
376,2018-10-05,2018-10-09,265,close,270
377,2018-10-05,2018-10-10,372,close,39
378,2018-10-05,2018-10-11,367,close,141
379,2018-10-05,2018-10-12,324,close,180
380,2018-10-06,2018-10-09,256,close,28
381,2018-10-06,2018-10-09,258,close,201
382,2018-10-06,2018-10-10,350,close,259
383,2018-10-06,2018-10-11,363,close,139
384,2018-10-06,2018-10-12,274,close,86
385,2018-10-07,2018-10-10,309,close,214
386,2018-10-07,2018-10-10,380,close,156
387,2018-10-07,2018-10-11,303,close,19
388,2018-10-08,2018-10-14,319,close,4
389,2018-10-08,2018-10-14,305,close,158
390,2018-10-09,2018-10-11,252,close,208
391,2018-10-09,2018-10-12,279,close,260
392,2018-10-09,2018-10-12,317,close,219
393,2018-10-09,2018-10-14,384,close,244
394,2018-10-09,2018-10-14,276,close,176
395,2018-10-09,2018-10-15,268,close,28
396,2018-10-10,2018-10-13,251,close,227
397,2018-10-10,2018-10-14,322,close,268
398,2018-10-10,2018-10-15,320,close,42
399,2018-10-10,2018-10-17,286,close,224
400,2018-10-11,2018-10-14,271,close,248
401,2018-10-11,2018-10-16,384,close,49
402,2018-10-11,2018-10-18,251,close,204
403,2018-10-12,2018-10-16,384,close,96
404,2018-10-12,2018-10-18,366,close,260
405,2018-10-13,2018-10-17,382,close,136
406,2018-10-13,2018-10-19,324,close,116
407,2018-10-14,2018-10-17,272,close,122
408,2018-10-14,2018-10-17,286,close,43
409,2018-10-14,2018-10-18,358,close,70
410,2018-10-14,2018-10-19,273,close,45
411,2018-10-14,2018-10-19,353,close,50
412,2018-10-14,2018-10-20,278,close,22
413,2018-10-14,2018-10-21,281,close,196
414,2018-10-15,2018-10-17,265,close,17
415,2018-10-15,2018-10-18,316,close,58
416,2018-10-15,2018-10-20,379,close,142
417,2018-10-15,2018-10-21,337,close,46
418,2018-10-15,2018-10-22,255,close,269
419,2018-10-16,2018-10-22,271,close,83
420,2018-10-17,2018-10-20,306,open,117
421,2018-10-17,2018-10-20,305,open,41
422,2018-10-17,2018-10-22,265,open,71
423,2018-10-17,2018-10-22,254,open,259
424,2018-10-17,2018-10-23,328,open,32
425,2018-10-18,2018-10-23,380,open,241
426,2018-10-18,2018-10-24,356,open,204
427,2018-10-19,2018-10-26,298,open,38
428,2018-10-20,2018-10-27,346,open,18
429,2018-10-21,2018-10-23,398,open,113
430,2018-10-21,2018-10-23,297,open,252
431,2018-10-21,2018-10-24,272,open,108
432,2018-10-21,2018-10-26,385,open,29
433,2018-10-21,2018-10-28,370,open,33
434,2018-10-22,2018-10-24,340,open,62
435,2018-10-22,2018-10-25,256,open,104
436,2018-10-22,2018-10-25,264,open,274
437,2018-10-22,2018-10-27,278,open,147
438,2018-10-22,2018-10-27,268,open,200
439,2018-10-23,2018-10-25,266,open,216
440,2018-10-23,2018-10-25,281,open,140
441,2018-10-23,2018-10-29,290,open,157
442,2018-10-23,2018-10-30,306,open,223
443,2018-10-24,2018-10-27,370,open,144
444,2018-10-24,2018-10-30,345,open,28
445,2018-10-24,2018-10-31,273,open,268
446,2018-10-25,2018-10-29,362,open,139
447,2018-10-25,2018-10-30,323,open,14
448,2018-10-25,2018-11-01,334,open,60
449,2018-10-26,2018-10-30,258,open,67
450,2018-10-26,2018-10-31,383,open,257
451,2018-10-27,2018-10-30,371,open,226
452,2018-10-27,2018-10-31,355,open,73
453,2018-10-27,2018-11-03,398,open,207
454,2018-10-28,2018-11-01,320,open,40
455,2018-10-29,2018-10-31,327,open,66
456,2018-10-29,2018-10-31,315,open,133
457,2018-10-29,2018-11-01,281,open,79
458,2018-10-29,2018-11-02,293,open,255
459,2018-10-30,2018-11-03,251,open,250
460,2018-10-31,2018-11-05,347,open,150
461,2018-10-31,2018-11-06,334,open,128
462,2018-10-31,2018-11-07,337,open,225
463,2018-10-31,2018-11-07,299,open,12
464,2018-11-01,2018-11-05,327,open,180
465,2018-11-01,2018-11-06,250,open,233
466,2018-11-01,2018-11-06,310,open,162
467,2018-11-01,2018-11-08,271,open,239
468,2018-11-02,2018-11-05,318,open,197
469,2018-11-02,2018-11-06,353,open,209
470,2018-11-02,2018-11-06,290,open,119
471,2018-11-02,2018-11-08,283,open,186
472,2018-11-02,2018-11-08,281,open,81
473,2018-11-02,2018-11-09,317,open,236
474,2018-11-03,2018-11-07,394,open,18
475,2018-11-03,2018-11-10,326,open,114
476,2018-11-04,2018-11-06,366,open,216
477,2018-11-04,2018-11-07,340,open,127
478,2018-11-04,2018-11-08,344,open,272
479,2018-11-04,2018-11-08,263,open,78
480,2018-11-04,2018-11-09,277,open,11
481,2018-11-04,2018-11-10,299,open,240
482,2018-11-04,2018-11-10,368,open,154
483,2018-11-04,2018-11-10,273,open,175
484,2018-11-04,2018-11-11,381,open,263
485,2018-11-05,2018-11-09,306,open,160
486,2018-11-05,2018-11-10,369,open,35
487,2018-11-05,2018-11-11,305,open,109
488,2018-11-05,2018-11-11,322,open,145
489,2018-11-05,2018-11-11,347,open,20
490,2018-11-05,2018-11-11,390,open,77
491,2018-11-06,2018-11-08,357,open,105
492,2018-11-06,2018-11-09,304,open,226
493,2018-11-06,2018-11-11,302,open,258
494,2018-11-06,2018-11-11,372,open,185
495,2018-11-06,2018-11-12,264,open,249
496,2018-11-06,2018-11-12,377,open,25
497,2018-11-07,2018-11-09,385,open,217
498,2018-11-07,2018-11-12,302,open,126
499,2018-11-07,2018-11-13,296,open,265
500,2018-11-07,2018-11-13,307,open,79
501,2018-11-07,2018-11-13,373,open,3
502,2018-11-08,2018-11-13,311,open,41
503,2018-11-08,2018-11-14,252,open,115
504,2018-11-08,2018-11-15,399,open,206
505,2018-11-09,2018-11-12,268,open,71
506,2018-11-09,2018-11-12,293,open,209
507,2018-11-09,2018-11-16,307,open,194
508,2018-11-10,2018-11-13,394,open,255
509,2018-11-10,2018-11-14,297,open,171
510,2018-11-10,2018-11-15,262,open,68
511,2018-11-10,2018-11-15,355,open,128
512,2018-11-11,2018-11-13,293,open,32
513,2018-11-12,2018-11-15,286,open,81
514,2018-11-12,2018-11-15,400,open,138
515,2018-11-12,2018-11-17,292,open,98
516,2018-11-12,2018-11-17,289,open,173
517,2018-11-13,2018-11-15,307,open,78
518,2018-11-13,2018-11-16,355,open,152
519,2018-11-13,2018-11-18,350,open,58
520,2018-11-13,2018-11-18,389,open,106
521,2018-11-13,2018-11-18,326,open,121
522,2018-11-13,2018-11-19,379,open,156
523,2018-11-14,2018-11-16,317,open,166
524,2018-11-14,2018-11-18,268,open,101
525,2018-11-14,2018-11-20,261,open,41
526,2018-11-14,2018-11-20,382,open,219
527,2018-11-14,2018-11-21,301,open,140
528,2018-11-15,2018-11-17,257,open,144
529,2018-11-15,2018-11-17,328,open,40
530,2018-11-16,2018-11-18,307,open,227
531,2018-11-16,2018-11-19,317,open,33
532,2018-11-16,2018-11-19,328,open,134
533,2018-11-16,2018-11-21,295,open,164
534,2018-11-16,2018-11-23,302,open,202
535,2018-11-17,2018-11-21,291,open,51
536,2018-11-17,2018-11-23,375,open,199
537,2018-11-18,2018-11-22,361,open,201
538,2018-11-18,2018-11-22,308,open,105
539,2018-11-18,2018-11-22,389,open,275
540,2018-11-18,2018-11-22,281,open,102
541,2018-11-18,2018-11-24,256,open,186
542,2018-11-19,2018-11-21,373,open,268
543,2018-11-19,2018-11-23,296,open,3
544,2018-11-19,2018-11-24,300,open,207
545,2018-11-20,2018-11-23,340,open,223
546,2018-11-20,2018-11-26,289,open,71
547,2018-11-20,2018-11-26,306,open,261
548,2018-11-20,2018-11-26,400,open,92
549,2018-11-20,2018-11-27,400,open,39
550,2018-11-21,2018-11-24,261,open,115
551,2018-11-21,2018-11-28,399,open,273
552,2018-11-22,2018-11-28,367,open,27
553,2018-11-23,2018-11-25,399,open,10
554,2018-11-23,2018-11-27,380,open,163
555,2018-11-23,2018-11-29,346,open,2
556,2018-11-23,2018-11-30,342,open,170
557,2018-11-24,2018-11-28,381,open,176
558,2018-11-24,2018-11-28,269,open,164
559,2018-11-24,2018-11-28,326,open,201
560,2018-11-24,2018-11-29,309,open,44
561,2018-11-24,2018-11-29,357,open,42
562,2018-11-25,2018-11-28,389,open,57
563,2018-11-25,2018-11-28,346,open,257
564,2018-11-25,2018-11-29,252,open,26
565,2018-11-26,2018-11-28,296,open,122
566,2018-11-26,2018-12-02,391,open,101
567,2018-11-27,2018-11-29,325,open,197
568,2018-11-27,2018-11-29,372,open,24
569,2018-11-27,2018-11-30,391,open,112
570,2018-11-27,2018-12-01,386,open,191
571,2018-11-27,2018-12-02,265,open,193
572,2018-11-28,2018-11-30,279,open,73
573,2018-11-28,2018-12-01,322,open,229
574,2018-11-28,2018-12-01,366,open,140
575,2018-11-28,2018-12-04,257,open,69
576,2018-11-29,2018-12-02,344,open,157
577,2018-11-29,2018-12-04,283,open,134
578,2018-11-29,2018-12-05,328,open,226
579,2018-11-29,2018-12-06,387,open,158
580,2018-11-30,2018-12-03,349,open,110
581,2018-11-30,2018-12-03,326,open,51
582,2018-11-30,2018-12-03,356,open,81
583,2018-11-30,2018-12-04,382,open,100
584,2018-11-30,2018-12-07,327,open,183
585,2018-12-01,2018-12-04,297,open,227
586,2018-12-01,2018-12-04,363,open,13
587,2018-12-01,2018-12-05,264,open,122
588,2018-12-01,2018-12-08,322,open,59
589,2018-12-02,2018-12-07,269,open,209
590,2018-12-02,2018-12-07,326,open,136
591,2018-12-02,2018-12-08,367,open,165
592,2018-12-03,2018-12-08,295,open,77
593,2018-12-04,2018-12-06,294,open,11
594,2018-12-04,2018-12-08,313,open,251
595,2018-12-04,2018-12-09,330,open,237
596,2018-12-04,2018-12-10,345,open,174
597,2018-12-05,2018-12-08,277,open,130
598,2018-12-05,2018-12-10,344,open,117
599,2018-12-05,2018-12-10,383,open,42
600,2018-12-05,2018-12-11,282,open,138
601,2018-12-05,2018-12-12,299,open,238
602,2018-12-06,2018-12-11,388,open,51
603,2018-12-07,2018-12-09,378,open,137
604,2018-12-07,2018-12-13,333,open,183
605,2018-12-07,2018-12-14,341,open,68
606,2018-12-08,2018-12-11,297,open,69
607,2018-12-09,2018-12-11,293,open,45
608,2018-12-09,2018-12-11,368,open,271
609,2018-12-09,2018-12-12,308,open,126
610,2018-12-09,2018-12-12,267,open,234
611,2018-12-09,2018-12-12,371,open,188
612,2018-12-09,2018-12-13,382,open,103
613,2018-12-10,2018-12-13,400,open,168
614,2018-12-10,2018-12-14,280,open,277
615,2018-12-11,2018-12-14,270,open,211
616,2018-12-11,2018-12-17,397,open,117
617,2018-12-11,2018-12-17,324,open,268
618,2018-12-12,2018-12-15,268,open,177
619,2018-12-12,2018-12-15,332,open,57
620,2018-12-12,2018-12-16,252,open,203
621,2018-12-12,2018-12-17,270,open,161
622,2018-12-12,2018-12-18,360,open,201
623,2018-12-13,2018-12-15,386,open,254
624,2018-12-13,2018-12-17,375,open,84
625,2018-12-13,2018-12-19,277,open,43
626,2018-12-13,2018-12-20,338,open,18
627,2018-12-14,2018-12-18,250,open,34
628,2018-12-15,2018-12-18,370,open,165
629,2018-12-15,2018-12-20,394,open,209
630,2018-12-15,2018-12-21,382,open,116
631,2018-12-15,2018-12-21,339,open,261
632,2018-12-16,2018-12-18,334,open,16
633,2018-12-16,2018-12-18,303,open,189
634,2018-12-16,2018-12-19,333,open,47
635,2018-12-16,2018-12-23,279,open,230
636,2018-12-17,2018-12-19,311,open,146
637,2018-12-17,2018-12-20,264,open,83
638,2018-12-17,2018-12-21,344,open,242
639,2018-12-17,2018-12-22,262,open,174
640,2018-12-17,2018-12-22,354,open,166
641,2018-12-17,2018-12-23,311,open,25
642,2018-12-17,2018-12-24,378,open,217
643,2018-12-18,2018-12-20,297,open,143
644,2018-12-18,2018-12-21,314,open,271
645,2018-12-18,2018-12-21,264,open,121
646,2018-12-18,2018-12-23,396,open,24
647,2018-12-18,2018-12-24,315,open,33
648,2018-12-18,2018-12-25,286,open,222
649,2018-12-19,2018-12-21,273,open,243
650,2018-12-19,2018-12-21,347,open,152
651,2018-12-19,2018-12-23,354,open,254
652,2018-12-19,2018-12-24,339,open,247
653,2018-12-20,2018-12-22,343,open,141
654,2018-12-20,2018-12-22,394,open,138
655,2018-12-20,2018-12-22,294,open,200
656,2018-12-20,2018-12-23,306,open,259
657,2018-12-20,2018-12-23,267,open,240
658,2018-12-20,2018-12-24,289,open,123
659,2018-12-20,2018-12-24,271,open,236
660,2018-12-21,2018-12-23,366,open,156
661,2018-12-21,2018-12-23,341,open,232
662,2018-12-21,2018-12-25,370,open,220
663,2018-12-21,2018-12-26,274,open,231
664,2018-12-21,2018-12-27,320,open,244
665,2018-12-21,2018-12-27,341,open,275
666,2018-12-22,2018-12-24,277,open,65
667,2018-12-22,2018-12-26,391,open,146
668,2018-12-22,2018-12-28,304,open,137
669,2018-12-22,2018-12-29,362,open,99
670,2018-12-23,2018-12-25,294,open,128
671,2018-12-23,2018-12-26,367,open,153
672,2018-12-23,2018-12-30,315,open,57
673,2018-12-24,2018-12-28,261,open,87
674,2018-12-25,2019-01-01,267,open,264
675,2018-12-26,2018-12-28,285,open,96
676,2018-12-26,2018-12-29,396,open,53
677,2018-12-26,2018-12-30,387,open,185
678,2018-12-26,2018-12-30,384,open,200
679,2018-12-26,2018-12-31,377,open,218
680,2018-12-26,2019-01-02,311,open,56
681,2018-12-26,2019-01-02,291,open,238
682,2018-12-26,2019-01-02,356,open,91
683,2018-12-27,2018-12-29,347,open,239
684,2018-12-28,2019-01-02,262,open,104
685,2018-12-29,2019-01-02,378,open,86
686,2018-12-29,2019-01-02,256,open,154
687,2018-12-29,2019-01-02,291,open,147
688,2018-12-29,2019-01-03,354,open,58
689,2018-12-29,2019-01-05,342,open,140
690,2018-12-30,2019-01-02,290,open,141
691,2018-12-30,2019-01-02,274,open,182
692,2018-12-30,2019-01-03,354,open,145
693,2018-12-30,2019-01-03,291,open,53
694,2018-12-30,2019-01-03,294,open,268
695,2018-12-31,2019-01-04,306,open,52
696,2018-12-31,2019-01-05,274,open,117
697,2019-01-01,2019-01-03,286,open,185
698,2019-01-01,2019-01-04,275,open,112
699,2019-01-01,2019-01-04,257,open,215
